-- phpMyAdmin SQL Dump
-- version 4.7.4
-- https://www.phpmyadmin.net/
--
-- Host: 127.0.0.1
-- Erstellungszeit: 11. Feb 2018 um 16:15
-- Server-Version: 10.1.30-MariaDB
-- PHP-Version: 7.2.1

SET SQL_MODE = "NO_AUTO_VALUE_ON_ZERO";
SET AUTOCOMMIT = 0;
START TRANSACTION;
SET time_zone = "+00:00";


/*!40101 SET @OLD_CHARACTER_SET_CLIENT=@@CHARACTER_SET_CLIENT */;
/*!40101 SET @OLD_CHARACTER_SET_RESULTS=@@CHARACTER_SET_RESULTS */;
/*!40101 SET @OLD_COLLATION_CONNECTION=@@COLLATION_CONNECTION */;
/*!40101 SET NAMES utf8mb4 */;

--
-- Datenbank: `cr10_ayse_uluc_biglibrary`
--

-- --------------------------------------------------------

--
-- Tabellenstruktur für Tabelle `author`
--

CREATE TABLE `author` (
  `author_id` int(11) NOT NULL,
  `firstname` varchar(55) CHARACTER SET latin1 DEFAULT NULL,
  `surename` varchar(55) CHARACTER SET latin1 DEFAULT NULL,
  `fk_genre_id` int(11) DEFAULT NULL
) ENGINE=InnoDB DEFAULT CHARSET=latin1 COLLATE=latin1_german1_ci;

--
-- Daten für Tabelle `author`
--

INSERT INTO `author` (`author_id`, `firstname`, `surename`, `fk_genre_id`) VALUES
(1, 'Elon', 'Kumar', 1),
(2, 'Elon', 'Musk', 2),
(3, 'Elon', 'Musk', 3),
(4, 'Mery', 'Loop', 4),
(5, 'Stefan', 'Part', 5),
(6, 'Luise', 'Meinrich', 6),
(7, 'Lohan', 'Reedus', 7),
(8, 'Montana', 'Los Angel', 8),
(9, 'Betty', 'Cop', 9),
(10, 'Chris', 'Olaf', 9);

-- --------------------------------------------------------

--
-- Tabellenstruktur für Tabelle `genre`
--

CREATE TABLE `genre` (
  `genre_id` int(11) NOT NULL,
  `genre_name` varchar(55) DEFAULT NULL
) ENGINE=InnoDB DEFAULT CHARSET=latin1;

--
-- Daten für Tabelle `genre`
--

INSERT INTO `genre` (`genre_id`, `genre_name`) VALUES
(1, 'Action'),
(2, 'Horror'),
(3, 'Romantik'),
(4, 'Musical'),
(5, 'Animation'),
(6, 'Thriller'),
(7, 'Drama'),
(8, 'Crime'),
(9, 'Sience-Fiction'),
(10, 'Rock'),
(11, 'Pop'),
(12, 'Rap');

-- --------------------------------------------------------

--
-- Tabellenstruktur für Tabelle `image`
--

CREATE TABLE `image` (
  `image_id` int(11) NOT NULL,
  `image` longblob NOT NULL
) ENGINE=InnoDB DEFAULT CHARSET=latin1;

--
-- Daten für Tabelle `image`
--

INSERT INTO `image` (`image_id`, `image`) VALUES
(1, 0xffd8ffe000104a46494600010100000100010000ffdb0084000906071210100f0f1013100f100f121210100f100d0f0f0f100f1511171715121315181d2820181a251b131521312125292b2e2e2e171f3338332c37282d2e2b010a0a0a0e0d0e150f0f152b19151d2d2d2b2b2b2b2d2d2d2d2d2b2d2b2d3737372b2d37372b2b372b2d372b2b2d2d372d2b2b2b2b2b2b2b2b2b2b2b2b2d2b2b2bffc0001108011300b703012200021101031101ffc4001a000101010101010100000000000000000000010403020507ffc4003b1000020103020305050506070100000000000102031121041231415105327181b1132261c1e13372a1b2d114158291c2f0234252537392a234ffc400160101010100000000000000000000000000000102ffc4001811010101010100000000000000000000000011014151ffda000c03010002110311003f00fc340000000000000000000000000000000000000000000000001401014010140101401014010140101401014010140101401014010140140000000000000000000000000000000000000000000000050500405201f4a1d92da4f7acabf77ea7afdceffd6bfe9f52f6b7d9d2f2fca7cab05d8d3aad0ca9e5e57557c78998fafa0939d19a9652ba57e96b9f334f45cda8c72fd01ae60fa9fbae2b129d9f92f532eaf452a79e31eabe608ca0d5a3d13a9777b4573f89abf75c5e2352efc9fa023e59d67a7928a9b564dd95f8bc5ef63a2d23f68a9bc37cf8ab753eaea746e74e10ba5b6d9b5ef8b023e083ad3a0e52d91cbbb5f0c3e26ffdd715894ecfa617a823e5834eaf472a7c7317c24be634ba575149a696db62dc6f7fd0246607d19766a516dcd292576b1d0f9e04050040500500002328680fb9a9a709421ed25b524ad94b36f8997f66d3ff00b9ff00b8fe87aed5fb3a5e5f94f9646b5f4353ab8287b3a5c1f179e1cf89efb33dda7527cf9792c1f30fa5d9534d4e9bff00370f3562a63e6c9b6eef2fa9f53412df4aa4259b615fa3573254d0d44edb5bf8aca66d843d8d196eef4b95f9dac9031e3b3e719d2749bdaf3cecddddf07997664e2d4a124dacae4ce74343be9b945bdcbfcbc15fc4b4235d349292fbdddf322b2ea1cf77bf7dcbaf4f81bb5eff00c1a5e5f9593b69add15cd2773a6ae9b951a5b5376b3c671b580ec8a7ee4e4bbcf09f82c7a9ce5d9536eee516fab4cbd972ba9d2786ef6e4f8599c2a696aa76f7dfc536d30373d33546509b52b5dc5e7071ec5e153f87fa8e75348e34f74e7252ff004ddb5f0474ec6e157f87d183af9b395db6f8bbb200564000000a0014054050076afa994d28cad68f0b2b72b1c0a00854eceeb0d73000d51ed1a895ae9fc5ac99ead594dde4db7e9e079007ba35a50778bb75e8777da351f35e51c99400936db6db6df3668a3ad9c159356e5757b7819c01773beee0ef7bac64d31ed1a89714fc6265007bad5a53cc9dfd11eb4fa9942fb6def71babf0bfea72004050040500405005050043ad2d34a5c137f1e474d0e9f7cf3c165fc91a357ad69b8430962e0679e86a2cdafe0d333346ba5ae9a776f72e8ce9da318b51a91b5e5c55f36eb603003dc20dbb24dbe8b2757a3a9c76bfe717f82606707a68becddaf67678bdb0078068fd8ea5afb5dbc55ff95ee73a74a527649b7d3a7881ccf74e9396229b7c707baba69c55e516975c35f8174b39c5b704dbb66d1dd8038b5c887b926dfc5be16cdee7a8d093765177e96b7a81c81daa69a7157945a5d70fd0e4040778692a3575176f14bd59e5d095dadb2bae386072050040500505007d1ecaeecdf3fa1f34dfd953b3947aabaf1465af4b6c9afe5e045720548d95f4aa34d49df7bb62f808eb4dfb2a5b92f7a5f333475d513bdeff000b2b1a7511dd460d676dafe8cf9c15bfb422a518d458bdafe674d34f6d052b5edb9af1dcec79d52db46117c71fa917ff00379ff581cf4fad9b9c6eee9b4ad65ccedaeaee0ed0b272cc9db261d3f7e1f797a9a3b53bfe40e3be8eab9c26a59b2e3e471eca5efcbeefcd1efb3384fc3f53cf6577e5f75faa078cf0fb55ff0022fcc6dd7ea5c1da386f2ddb26387daaff00917e63af6a77ff008501dbb3f50e7ba32ce38fc8e1a2a09d477e11bbfc707aecaefbf0f99d342ffc4a8badede4c0e5a9d74b73517b52c705935e9351be2efc55d3f8e0f975e0d4a49f566eecc87bb37d787f2063e68282a2028028282045b4d3586b81bd6ae1349548e7adae60006f8d5a30cc536fc24fd4cba9aee6eef09705d3ea72015df4daa70c5af17cbf4347ed94d6543def08afc4c000e9a8ace6eefc972474fda17b2f67677eb8b77ae67011ea94ad28be8d3fc4e9acaca72babac5b363880ad1a3d42829269bbf0b589a3aea126ddddd5b16ea7000748cfdf52cdb76ef8daf73d6b2b29caeaeb16cd8e2023be8eba849b69bc5b163cd3dce6dc38ddb5e0723dd1a8e2d49720ad92d645e2a43de5f04fd4eda7afba3376db14b0bc8e2f534e599473e099cebeaeeb6c56d4158c140650a0a001405405004053be9286f96782cb03383e84b5718bb462acb9dec5854855f75c6d2ebf5047ce074ab4f6c9c7a1e0080a0080a0080a0080a0080a0080a0080a00a0b6160202d8580869d0d551934f84b17e867b1d69d0724e4ad65c7a81deae85f18b4d746679519c1decd5b9a242a49706d799ab4fac6da52b34f170322bce4b376f99b64e14acadba5e479f66a3595b83c9c75bdf9797a01a213855c35b65cbe8cc6e8bddb39dedf53d697bf1f1353fb65e1f2013942962dba5fdf111942ae1adb2e5f4666d677e5fdf21a3efc40f31a769a8bcfbc93e8f26caca14ddf6ddbe0b092f89cab7db2fbd1f5276877fc901da128d54d5acd787e0cf9f2566d7435f67779f819eaf7a5e2c0e60b61600000202d80141401014010d1a4adb5b4f83e3f03800364b46a598b59e5c4b4f4d183dd26b1c8c6403ad5acdcf7ae5c3c0d32d956cdbdb230803741429e6fb9f2323a8f76fe77bfd0f16006e92854b3bed9122a14eeefba462007484af3527ce49fe274d73bcf19c2338b01a740ed277c60e157bcfc59e40101401014010140141401014010140101401014010140101401014010140101401014010a0014140101401014010140101401014010140101401014010140101401014805050040500405004050040500405004050040500405004050040500405000140101401014010140101401014010a0002140101401014010140101400000000000000000000000000000000000000000000000000000000000000000000000000000000000000000000000001ffd9),
(2, 0xffd8ffe000104a46494600010100000100010000ffdb0084000906071210100f0f1013100f100f121210100f100d0f0f0f100f1511171715121315181d2820181a251b131521312125292b2e2e2e171f3338332c37282d2e2b010a0a0a0e0d0e150f0f152b19151d2d2d2b2b2b2b2d2d2d2d2d2b2d2b2d3737372b2d37372b2b372b2d372b2b2d2d372d2b2b2b2b2b2b2b2b2b2b2b2b2d2b2b2bffc0001108011300b703012200021101031101ffc4001a000101010101010100000000000000000000010403020507ffc4003b1000020103020305050506070100000000000102031121041231415105327181b1132261c1e13372a1b2d114158291c2f0234252537392a234ffc400160101010100000000000000000000000000000102ffc4001811010101010100000000000000000000000011014151ffda000c03010002110311003f00fc340000000000000000000000000000000000000000000000001401014010140101401014010140101401014010140101401014010140140000000000000000000000000000000000000000000000050500405201f4a1d92da4f7acabf77ea7afdceffd6bfe9f52f6b7d9d2f2fca7cab05d8d3aad0ca9e5e57557c78998fafa0939d19a9652ba57e96b9f334f45cda8c72fd01ae60fa9fbae2b129d9f92f532eaf452a79e31eabe608ca0d5a3d13a9777b4573f89abf75c5e2352efc9fa023e59d67a7928a9b564dd95f8bc5ef63a2d23f68a9bc37cf8ab753eaea746e74e10ba5b6d9b5ef8b023e083ad3a0e52d91cbbb5f0c3e26ffdd715894ecfa617a823e5834eaf472a7c7317c24be634ba575149a696db62dc6f7fd0246607d19766a516dcd292576b1d0f9e04050040500500002328680fb9a9a709421ed25b524ad94b36f8997f66d3ff00b9ff00b8fe87aed5fb3a5e5f94f9646b5f4353ab8287b3a5c1f179e1cf89efb33dda7527cf9792c1f30fa5d9534d4e9bff00370f3562a63e6c9b6eef2fa9f53412df4aa4259b615fa3573254d0d44edb5bf8aca66d843d8d196eef4b95f9dac9031e3b3e719d2749bdaf3cecddddf07997664e2d4a124dacae4ce74343be9b945bdcbfcbc15fc4b4235d349292fbdddf322b2ea1cf77bf7dcbaf4f81bb5eff00c1a5e5f9593b69add15cd2773a6ae9b951a5b5376b3c671b580ec8a7ee4e4bbcf09f82c7a9ce5d9536eee516fab4cbd972ba9d2786ef6e4f8599c2a696aa76f7dfc536d30373d33546509b52b5dc5e7071ec5e153f87fa8e75348e34f74e7252ff004ddb5f0474ec6e157f87d183af9b395db6f8bbb200564000000a0014054050076afa994d28cad68f0b2b72b1c0a00854eceeb0d73000d51ed1a895ae9fc5ac99ead594dde4db7e9e079007ba35a50778bb75e8777da351f35e51c99400936db6db6df3668a3ad9c159356e5757b7819c01773beee0ef7bac64d31ed1a89714fc6265007bad5a53cc9dfd11eb4fa9942fb6def71babf0bfea72004050040500405005050043ad2d34a5c137f1e474d0e9f7cf3c165fc91a357ad69b8430962e0679e86a2cdafe0d333346ba5ae9a776f72e8ce9da318b51a91b5e5c55f36eb603003dc20dbb24dbe8b2757a3a9c76bfe717f82606707a68becddaf67678bdb0078068fd8ea5afb5dbc55ff95ee73a74a527649b7d3a7881ccf74e9396229b7c707baba69c55e516975c35f8174b39c5b704dbb66d1dd8038b5c887b926dfc5be16cdee7a8d093765177e96b7a81c81daa69a7157945a5d70fd0e4040778692a3575176f14bd59e5d095dadb2bae386072050040500505007d1ecaeecdf3fa1f34dfd953b3947aabaf1465af4b6c9afe5e045720548d95f4aa34d49df7bb62f808eb4dfb2a5b92f7a5f333475d513bdeff000b2b1a7511dd460d676dafe8cf9c15bfb422a518d458bdafe674d34f6d052b5edb9af1dcec79d52db46117c71fa917ff00379ff581cf4fad9b9c6eee9b4ad65ccedaeaee0ed0b272cc9db261d3f7e1f797a9a3b53bfe40e3be8eab9c26a59b2e3e471eca5efcbeefcd1efb3384fc3f53cf6577e5f75faa078cf0fb55ff0022fcc6dd7ea5c1da386f2ddb26387daaff00917e63af6a77ff008501dbb3f50e7ba32ce38fc8e1a2a09d477e11bbfc707aecaefbf0f99d342ffc4a8badede4c0e5a9d74b73517b52c705935e9351be2efc55d3f8e0f975e0d4a49f566eecc87bb37d787f2063e68282a2028028282045b4d3586b81bd6ae1349548e7adae60006f8d5a30cc536fc24fd4cba9aee6eef09705d3ea72015df4daa70c5af17cbf4347ed94d6543def08afc4c000e9a8ace6eefc972474fda17b2f67677eb8b77ae67011ea94ad28be8d3fc4e9acaca72babac5b363880ad1a3d42829269bbf0b589a3aea126ddddd5b16ea7000748cfdf52cdb76ef8daf73d6b2b29caeaeb16cd8e2023be8eba849b69bc5b163cd3dce6dc38ddb5e0723dd1a8e2d49720ad92d645e2a43de5f04fd4eda7afba3376db14b0bc8e2f534e599473e099cebeaeeb6c56d4158c140650a0a001405405004053be9286f96782cb03383e84b5718bb462acb9dec5854855f75c6d2ebf5047ce074ab4f6c9c7a1e0080a0080a0080a0080a0080a0080a0080a00a0b6160202d8580869d0d551934f84b17e867b1d69d0724e4ad65c7a81deae85f18b4d746679519c1decd5b9a242a49706d799ab4fac6da52b34f170322bce4b376f99b64e14acadba5e479f66a3595b83c9c75bdf9797a01a213855c35b65cbe8cc6e8bddb39dedf53d697bf1f1353fb65e1f2013942962dba5fdf111942ae1adb2e5f4666d677e5fdf21a3efc40f31a769a8bcfbc93e8f26caca14ddf6ddbe0b092f89cab7db2fbd1f5276877fc901da128d54d5acd787e0cf9f2566d7435f67779f819eaf7a5e2c0e60b61600000202d80141401014010d1a4adb5b4f83e3f03800364b46a598b59e5c4b4f4d183dd26b1c8c6403ad5acdcf7ae5c3c0d32d956cdbdb230803741429e6fb9f2323a8f76fe77bfd0f16006e92854b3bed9122a14eeefba462007484af3527ce49fe274d73bcf19c2338b01a740ed277c60e157bcfc59e40101401014010140141401014010140101401014010140101401014010140101401014010a0014140101401014010140101401014010140101401014010140101401014805050040500405004050040500405004050040500405004050040500405000140101401014010140101401014010a0002140101401014010140101400000000000000000000000000000000000000000000000000000000000000000000000000000000000000000000000001ffd9),
(3, 0xffd8ffe000104a46494600010100000100010000ffdb0084000906071210100f0f1013100f100f121210100f100d0f0f0f100f1511171715121315181d2820181a251b131521312125292b2e2e2e171f3338332c37282d2e2b010a0a0a0e0d0e150f0f152b19151d2d2d2b2b2b2b2d2d2d2d2d2b2d2b2d3737372b2d37372b2b372b2d372b2b2d2d372d2b2b2b2b2b2b2b2b2b2b2b2b2d2b2b2bffc0001108011300b703012200021101031101ffc4001a000101010101010100000000000000000000010403020507ffc4003b1000020103020305050506070100000000000102031121041231415105327181b1132261c1e13372a1b2d114158291c2f0234252537392a234ffc400160101010100000000000000000000000000000102ffc4001811010101010100000000000000000000000011014151ffda000c03010002110311003f00fc340000000000000000000000000000000000000000000000001401014010140101401014010140101401014010140101401014010140140000000000000000000000000000000000000000000000050500405201f4a1d92da4f7acabf77ea7afdceffd6bfe9f52f6b7d9d2f2fca7cab05d8d3aad0ca9e5e57557c78998fafa0939d19a9652ba57e96b9f334f45cda8c72fd01ae60fa9fbae2b129d9f92f532eaf452a79e31eabe608ca0d5a3d13a9777b4573f89abf75c5e2352efc9fa023e59d67a7928a9b564dd95f8bc5ef63a2d23f68a9bc37cf8ab753eaea746e74e10ba5b6d9b5ef8b023e083ad3a0e52d91cbbb5f0c3e26ffdd715894ecfa617a823e5834eaf472a7c7317c24be634ba575149a696db62dc6f7fd0246607d19766a516dcd292576b1d0f9e04050040500500002328680fb9a9a709421ed25b524ad94b36f8997f66d3ff00b9ff00b8fe87aed5fb3a5e5f94f9646b5f4353ab8287b3a5c1f179e1cf89efb33dda7527cf9792c1f30fa5d9534d4e9bff00370f3562a63e6c9b6eef2fa9f53412df4aa4259b615fa3573254d0d44edb5bf8aca66d843d8d196eef4b95f9dac9031e3b3e719d2749bdaf3cecddddf07997664e2d4a124dacae4ce74343be9b945bdcbfcbc15fc4b4235d349292fbdddf322b2ea1cf77bf7dcbaf4f81bb5eff00c1a5e5f9593b69add15cd2773a6ae9b951a5b5376b3c671b580ec8a7ee4e4bbcf09f82c7a9ce5d9536eee516fab4cbd972ba9d2786ef6e4f8599c2a696aa76f7dfc536d30373d33546509b52b5dc5e7071ec5e153f87fa8e75348e34f74e7252ff004ddb5f0474ec6e157f87d183af9b395db6f8bbb200564000000a0014054050076afa994d28cad68f0b2b72b1c0a00854eceeb0d73000d51ed1a895ae9fc5ac99ead594dde4db7e9e079007ba35a50778bb75e8777da351f35e51c99400936db6db6df3668a3ad9c159356e5757b7819c01773beee0ef7bac64d31ed1a89714fc6265007bad5a53cc9dfd11eb4fa9942fb6def71babf0bfea72004050040500405005050043ad2d34a5c137f1e474d0e9f7cf3c165fc91a357ad69b8430962e0679e86a2cdafe0d333346ba5ae9a776f72e8ce9da318b51a91b5e5c55f36eb603003dc20dbb24dbe8b2757a3a9c76bfe717f82606707a68becddaf67678bdb0078068fd8ea5afb5dbc55ff95ee73a74a527649b7d3a7881ccf74e9396229b7c707baba69c55e516975c35f8174b39c5b704dbb66d1dd8038b5c887b926dfc5be16cdee7a8d093765177e96b7a81c81daa69a7157945a5d70fd0e4040778692a3575176f14bd59e5d095dadb2bae386072050040500505007d1ecaeecdf3fa1f34dfd953b3947aabaf1465af4b6c9afe5e045720548d95f4aa34d49df7bb62f808eb4dfb2a5b92f7a5f333475d513bdeff000b2b1a7511dd460d676dafe8cf9c15bfb422a518d458bdafe674d34f6d052b5edb9af1dcec79d52db46117c71fa917ff00379ff581cf4fad9b9c6eee9b4ad65ccedaeaee0ed0b272cc9db261d3f7e1f797a9a3b53bfe40e3be8eab9c26a59b2e3e471eca5efcbeefcd1efb3384fc3f53cf6577e5f75faa078cf0fb55ff0022fcc6dd7ea5c1da386f2ddb26387daaff00917e63af6a77ff008501dbb3f50e7ba32ce38fc8e1a2a09d477e11bbfc707aecaefbf0f99d342ffc4a8badede4c0e5a9d74b73517b52c705935e9351be2efc55d3f8e0f975e0d4a49f566eecc87bb37d787f2063e68282a2028028282045b4d3586b81bd6ae1349548e7adae60006f8d5a30cc536fc24fd4cba9aee6eef09705d3ea72015df4daa70c5af17cbf4347ed94d6543def08afc4c000e9a8ace6eefc972474fda17b2f67677eb8b77ae67011ea94ad28be8d3fc4e9acaca72babac5b363880ad1a3d42829269bbf0b589a3aea126ddddd5b16ea7000748cfdf52cdb76ef8daf73d6b2b29caeaeb16cd8e2023be8eba849b69bc5b163cd3dce6dc38ddb5e0723dd1a8e2d49720ad92d645e2a43de5f04fd4eda7afba3376db14b0bc8e2f534e599473e099cebeaeeb6c56d4158c140650a0a001405405004053be9286f96782cb03383e84b5718bb462acb9dec5854855f75c6d2ebf5047ce074ab4f6c9c7a1e0080a0080a0080a0080a0080a0080a0080a00a0b6160202d8580869d0d551934f84b17e867b1d69d0724e4ad65c7a81deae85f18b4d746679519c1decd5b9a242a49706d799ab4fac6da52b34f170322bce4b376f99b64e14acadba5e479f66a3595b83c9c75bdf9797a01a213855c35b65cbe8cc6e8bddb39dedf53d697bf1f1353fb65e1f2013942962dba5fdf111942ae1adb2e5f4666d677e5fdf21a3efc40f31a769a8bcfbc93e8f26caca14ddf6ddbe0b092f89cab7db2fbd1f5276877fc901da128d54d5acd787e0cf9f2566d7435f67779f819eaf7a5e2c0e60b61600000202d80141401014010d1a4adb5b4f83e3f03800364b46a598b59e5c4b4f4d183dd26b1c8c6403ad5acdcf7ae5c3c0d32d956cdbdb230803741429e6fb9f2323a8f76fe77bfd0f16006e92854b3bed9122a14eeefba462007484af3527ce49fe274d73bcf19c2338b01a740ed277c60e157bcfc59e40101401014010140141401014010140101401014010140101401014010140101401014010a0014140101401014010140101401014010140101401014010140101401014805050040500405004050040500405004050040500405004050040500405000140101401014010140101401014010a0002140101401014010140101400000000000000000000000000000000000000000000000000000000000000000000000000000000000000000000000001ffd9),
(4, 0xffd8ffe000104a46494600010100000100010000ffdb0084000906071210100f0f1013100f100f121210100f100d0f0f0f100f1511171715121315181d2820181a251b131521312125292b2e2e2e171f3338332c37282d2e2b010a0a0a0e0d0e150f0f152b19151d2d2d2b2b2b2b2d2d2d2d2d2b2d2b2d3737372b2d37372b2b372b2d372b2b2d2d372d2b2b2b2b2b2b2b2b2b2b2b2b2d2b2b2bffc0001108011300b703012200021101031101ffc4001a000101010101010100000000000000000000010403020507ffc4003b1000020103020305050506070100000000000102031121041231415105327181b1132261c1e13372a1b2d114158291c2f0234252537392a234ffc400160101010100000000000000000000000000000102ffc4001811010101010100000000000000000000000011014151ffda000c03010002110311003f00fc340000000000000000000000000000000000000000000000001401014010140101401014010140101401014010140101401014010140140000000000000000000000000000000000000000000000050500405201f4a1d92da4f7acabf77ea7afdceffd6bfe9f52f6b7d9d2f2fca7cab05d8d3aad0ca9e5e57557c78998fafa0939d19a9652ba57e96b9f334f45cda8c72fd01ae60fa9fbae2b129d9f92f532eaf452a79e31eabe608ca0d5a3d13a9777b4573f89abf75c5e2352efc9fa023e59d67a7928a9b564dd95f8bc5ef63a2d23f68a9bc37cf8ab753eaea746e74e10ba5b6d9b5ef8b023e083ad3a0e52d91cbbb5f0c3e26ffdd715894ecfa617a823e5834eaf472a7c7317c24be634ba575149a696db62dc6f7fd0246607d19766a516dcd292576b1d0f9e04050040500500002328680fb9a9a709421ed25b524ad94b36f8997f66d3ff00b9ff00b8fe87aed5fb3a5e5f94f9646b5f4353ab8287b3a5c1f179e1cf89efb33dda7527cf9792c1f30fa5d9534d4e9bff00370f3562a63e6c9b6eef2fa9f53412df4aa4259b615fa3573254d0d44edb5bf8aca66d843d8d196eef4b95f9dac9031e3b3e719d2749bdaf3cecddddf07997664e2d4a124dacae4ce74343be9b945bdcbfcbc15fc4b4235d349292fbdddf322b2ea1cf77bf7dcbaf4f81bb5eff00c1a5e5f9593b69add15cd2773a6ae9b951a5b5376b3c671b580ec8a7ee4e4bbcf09f82c7a9ce5d9536eee516fab4cbd972ba9d2786ef6e4f8599c2a696aa76f7dfc536d30373d33546509b52b5dc5e7071ec5e153f87fa8e75348e34f74e7252ff004ddb5f0474ec6e157f87d183af9b395db6f8bbb200564000000a0014054050076afa994d28cad68f0b2b72b1c0a00854eceeb0d73000d51ed1a895ae9fc5ac99ead594dde4db7e9e079007ba35a50778bb75e8777da351f35e51c99400936db6db6df3668a3ad9c159356e5757b7819c01773beee0ef7bac64d31ed1a89714fc6265007bad5a53cc9dfd11eb4fa9942fb6def71babf0bfea72004050040500405005050043ad2d34a5c137f1e474d0e9f7cf3c165fc91a357ad69b8430962e0679e86a2cdafe0d333346ba5ae9a776f72e8ce9da318b51a91b5e5c55f36eb603003dc20dbb24dbe8b2757a3a9c76bfe717f82606707a68becddaf67678bdb0078068fd8ea5afb5dbc55ff95ee73a74a527649b7d3a7881ccf74e9396229b7c707baba69c55e516975c35f8174b39c5b704dbb66d1dd8038b5c887b926dfc5be16cdee7a8d093765177e96b7a81c81daa69a7157945a5d70fd0e4040778692a3575176f14bd59e5d095dadb2bae386072050040500505007d1ecaeecdf3fa1f34dfd953b3947aabaf1465af4b6c9afe5e045720548d95f4aa34d49df7bb62f808eb4dfb2a5b92f7a5f333475d513bdeff000b2b1a7511dd460d676dafe8cf9c15bfb422a518d458bdafe674d34f6d052b5edb9af1dcec79d52db46117c71fa917ff00379ff581cf4fad9b9c6eee9b4ad65ccedaeaee0ed0b272cc9db261d3f7e1f797a9a3b53bfe40e3be8eab9c26a59b2e3e471eca5efcbeefcd1efb3384fc3f53cf6577e5f75faa078cf0fb55ff0022fcc6dd7ea5c1da386f2ddb26387daaff00917e63af6a77ff008501dbb3f50e7ba32ce38fc8e1a2a09d477e11bbfc707aecaefbf0f99d342ffc4a8badede4c0e5a9d74b73517b52c705935e9351be2efc55d3f8e0f975e0d4a49f566eecc87bb37d787f2063e68282a2028028282045b4d3586b81bd6ae1349548e7adae60006f8d5a30cc536fc24fd4cba9aee6eef09705d3ea72015df4daa70c5af17cbf4347ed94d6543def08afc4c000e9a8ace6eefc972474fda17b2f67677eb8b77ae67011ea94ad28be8d3fc4e9acaca72babac5b363880ad1a3d42829269bbf0b589a3aea126ddddd5b16ea7000748cfdf52cdb76ef8daf73d6b2b29caeaeb16cd8e2023be8eba849b69bc5b163cd3dce6dc38ddb5e0723dd1a8e2d49720ad92d645e2a43de5f04fd4eda7afba3376db14b0bc8e2f534e599473e099cebeaeeb6c56d4158c140650a0a001405405004053be9286f96782cb03383e84b5718bb462acb9dec5854855f75c6d2ebf5047ce074ab4f6c9c7a1e0080a0080a0080a0080a0080a0080a0080a00a0b6160202d8580869d0d551934f84b17e867b1d69d0724e4ad65c7a81deae85f18b4d746679519c1decd5b9a242a49706d799ab4fac6da52b34f170322bce4b376f99b64e14acadba5e479f66a3595b83c9c75bdf9797a01a213855c35b65cbe8cc6e8bddb39dedf53d697bf1f1353fb65e1f2013942962dba5fdf111942ae1adb2e5f4666d677e5fdf21a3efc40f31a769a8bcfbc93e8f26caca14ddf6ddbe0b092f89cab7db2fbd1f5276877fc901da128d54d5acd787e0cf9f2566d7435f67779f819eaf7a5e2c0e60b61600000202d80141401014010d1a4adb5b4f83e3f03800364b46a598b59e5c4b4f4d183dd26b1c8c6403ad5acdcf7ae5c3c0d32d956cdbdb230803741429e6fb9f2323a8f76fe77bfd0f16006e92854b3bed9122a14eeefba462007484af3527ce49fe274d73bcf19c2338b01a740ed277c60e157bcfc59e40101401014010140141401014010140101401014010140101401014010140101401014010a0014140101401014010140101401014010140101401014010140101401014805050040500405004050040500405004050040500405004050040500405000140101401014010140101401014010a0002140101401014010140101400000000000000000000000000000000000000000000000000000000000000000000000000000000000000000000000001ffd9),
(5, 0xffd8ffe000104a46494600010100000100010000ffdb0084000906071210100f0f1013100f100f121210100f100d0f0f0f100f1511171715121315181d2820181a251b131521312125292b2e2e2e171f3338332c37282d2e2b010a0a0a0e0d0e150f0f152b19151d2d2d2b2b2b2b2d2d2d2d2d2b2d2b2d3737372b2d37372b2b372b2d372b2b2d2d372d2b2b2b2b2b2b2b2b2b2b2b2b2d2b2b2bffc0001108011300b703012200021101031101ffc4001a000101010101010100000000000000000000010403020507ffc4003b1000020103020305050506070100000000000102031121041231415105327181b1132261c1e13372a1b2d114158291c2f0234252537392a234ffc400160101010100000000000000000000000000000102ffc4001811010101010100000000000000000000000011014151ffda000c03010002110311003f00fc340000000000000000000000000000000000000000000000001401014010140101401014010140101401014010140101401014010140140000000000000000000000000000000000000000000000050500405201f4a1d92da4f7acabf77ea7afdceffd6bfe9f52f6b7d9d2f2fca7cab05d8d3aad0ca9e5e57557c78998fafa0939d19a9652ba57e96b9f334f45cda8c72fd01ae60fa9fbae2b129d9f92f532eaf452a79e31eabe608ca0d5a3d13a9777b4573f89abf75c5e2352efc9fa023e59d67a7928a9b564dd95f8bc5ef63a2d23f68a9bc37cf8ab753eaea746e74e10ba5b6d9b5ef8b023e083ad3a0e52d91cbbb5f0c3e26ffdd715894ecfa617a823e5834eaf472a7c7317c24be634ba575149a696db62dc6f7fd0246607d19766a516dcd292576b1d0f9e04050040500500002328680fb9a9a709421ed25b524ad94b36f8997f66d3ff00b9ff00b8fe87aed5fb3a5e5f94f9646b5f4353ab8287b3a5c1f179e1cf89efb33dda7527cf9792c1f30fa5d9534d4e9bff00370f3562a63e6c9b6eef2fa9f53412df4aa4259b615fa3573254d0d44edb5bf8aca66d843d8d196eef4b95f9dac9031e3b3e719d2749bdaf3cecddddf07997664e2d4a124dacae4ce74343be9b945bdcbfcbc15fc4b4235d349292fbdddf322b2ea1cf77bf7dcbaf4f81bb5eff00c1a5e5f9593b69add15cd2773a6ae9b951a5b5376b3c671b580ec8a7ee4e4bbcf09f82c7a9ce5d9536eee516fab4cbd972ba9d2786ef6e4f8599c2a696aa76f7dfc536d30373d33546509b52b5dc5e7071ec5e153f87fa8e75348e34f74e7252ff004ddb5f0474ec6e157f87d183af9b395db6f8bbb200564000000a0014054050076afa994d28cad68f0b2b72b1c0a00854eceeb0d73000d51ed1a895ae9fc5ac99ead594dde4db7e9e079007ba35a50778bb75e8777da351f35e51c99400936db6db6df3668a3ad9c159356e5757b7819c01773beee0ef7bac64d31ed1a89714fc6265007bad5a53cc9dfd11eb4fa9942fb6def71babf0bfea72004050040500405005050043ad2d34a5c137f1e474d0e9f7cf3c165fc91a357ad69b8430962e0679e86a2cdafe0d333346ba5ae9a776f72e8ce9da318b51a91b5e5c55f36eb603003dc20dbb24dbe8b2757a3a9c76bfe717f82606707a68becddaf67678bdb0078068fd8ea5afb5dbc55ff95ee73a74a527649b7d3a7881ccf74e9396229b7c707baba69c55e516975c35f8174b39c5b704dbb66d1dd8038b5c887b926dfc5be16cdee7a8d093765177e96b7a81c81daa69a7157945a5d70fd0e4040778692a3575176f14bd59e5d095dadb2bae386072050040500505007d1ecaeecdf3fa1f34dfd953b3947aabaf1465af4b6c9afe5e045720548d95f4aa34d49df7bb62f808eb4dfb2a5b92f7a5f333475d513bdeff000b2b1a7511dd460d676dafe8cf9c15bfb422a518d458bdafe674d34f6d052b5edb9af1dcec79d52db46117c71fa917ff00379ff581cf4fad9b9c6eee9b4ad65ccedaeaee0ed0b272cc9db261d3f7e1f797a9a3b53bfe40e3be8eab9c26a59b2e3e471eca5efcbeefcd1efb3384fc3f53cf6577e5f75faa078cf0fb55ff0022fcc6dd7ea5c1da386f2ddb26387daaff00917e63af6a77ff008501dbb3f50e7ba32ce38fc8e1a2a09d477e11bbfc707aecaefbf0f99d342ffc4a8badede4c0e5a9d74b73517b52c705935e9351be2efc55d3f8e0f975e0d4a49f566eecc87bb37d787f2063e68282a2028028282045b4d3586b81bd6ae1349548e7adae60006f8d5a30cc536fc24fd4cba9aee6eef09705d3ea72015df4daa70c5af17cbf4347ed94d6543def08afc4c000e9a8ace6eefc972474fda17b2f67677eb8b77ae67011ea94ad28be8d3fc4e9acaca72babac5b363880ad1a3d42829269bbf0b589a3aea126ddddd5b16ea7000748cfdf52cdb76ef8daf73d6b2b29caeaeb16cd8e2023be8eba849b69bc5b163cd3dce6dc38ddb5e0723dd1a8e2d49720ad92d645e2a43de5f04fd4eda7afba3376db14b0bc8e2f534e599473e099cebeaeeb6c56d4158c140650a0a001405405004053be9286f96782cb03383e84b5718bb462acb9dec5854855f75c6d2ebf5047ce074ab4f6c9c7a1e0080a0080a0080a0080a0080a0080a0080a00a0b6160202d8580869d0d551934f84b17e867b1d69d0724e4ad65c7a81deae85f18b4d746679519c1decd5b9a242a49706d799ab4fac6da52b34f170322bce4b376f99b64e14acadba5e479f66a3595b83c9c75bdf9797a01a213855c35b65cbe8cc6e8bddb39dedf53d697bf1f1353fb65e1f2013942962dba5fdf111942ae1adb2e5f4666d677e5fdf21a3efc40f31a769a8bcfbc93e8f26caca14ddf6ddbe0b092f89cab7db2fbd1f5276877fc901da128d54d5acd787e0cf9f2566d7435f67779f819eaf7a5e2c0e60b61600000202d80141401014010d1a4adb5b4f83e3f03800364b46a598b59e5c4b4f4d183dd26b1c8c6403ad5acdcf7ae5c3c0d32d956cdbdb230803741429e6fb9f2323a8f76fe77bfd0f16006e92854b3bed9122a14eeefba462007484af3527ce49fe274d73bcf19c2338b01a740ed277c60e157bcfc59e40101401014010140141401014010140101401014010140101401014010140101401014010a0014140101401014010140101401014010140101401014010140101401014805050040500405004050040500405004050040500405004050040500405000140101401014010140101401014010a0002140101401014010140101400000000000000000000000000000000000000000000000000000000000000000000000000000000000000000000000001ffd9),
(6, 0xffd8ffe000104a46494600010100000100010000ffdb0084000906071210100f0f1013100f100f121210100f100d0f0f0f100f1511171715121315181d2820181a251b131521312125292b2e2e2e171f3338332c37282d2e2b010a0a0a0e0d0e150f0f152b19151d2d2d2b2b2b2b2d2d2d2d2d2b2d2b2d3737372b2d37372b2b372b2d372b2b2d2d372d2b2b2b2b2b2b2b2b2b2b2b2b2d2b2b2bffc0001108011300b703012200021101031101ffc4001a000101010101010100000000000000000000010403020507ffc4003b1000020103020305050506070100000000000102031121041231415105327181b1132261c1e13372a1b2d114158291c2f0234252537392a234ffc400160101010100000000000000000000000000000102ffc4001811010101010100000000000000000000000011014151ffda000c03010002110311003f00fc340000000000000000000000000000000000000000000000001401014010140101401014010140101401014010140101401014010140140000000000000000000000000000000000000000000000050500405201f4a1d92da4f7acabf77ea7afdceffd6bfe9f52f6b7d9d2f2fca7cab05d8d3aad0ca9e5e57557c78998fafa0939d19a9652ba57e96b9f334f45cda8c72fd01ae60fa9fbae2b129d9f92f532eaf452a79e31eabe608ca0d5a3d13a9777b4573f89abf75c5e2352efc9fa023e59d67a7928a9b564dd95f8bc5ef63a2d23f68a9bc37cf8ab753eaea746e74e10ba5b6d9b5ef8b023e083ad3a0e52d91cbbb5f0c3e26ffdd715894ecfa617a823e5834eaf472a7c7317c24be634ba575149a696db62dc6f7fd0246607d19766a516dcd292576b1d0f9e04050040500500002328680fb9a9a709421ed25b524ad94b36f8997f66d3ff00b9ff00b8fe87aed5fb3a5e5f94f9646b5f4353ab8287b3a5c1f179e1cf89efb33dda7527cf9792c1f30fa5d9534d4e9bff00370f3562a63e6c9b6eef2fa9f53412df4aa4259b615fa3573254d0d44edb5bf8aca66d843d8d196eef4b95f9dac9031e3b3e719d2749bdaf3cecddddf07997664e2d4a124dacae4ce74343be9b945bdcbfcbc15fc4b4235d349292fbdddf322b2ea1cf77bf7dcbaf4f81bb5eff00c1a5e5f9593b69add15cd2773a6ae9b951a5b5376b3c671b580ec8a7ee4e4bbcf09f82c7a9ce5d9536eee516fab4cbd972ba9d2786ef6e4f8599c2a696aa76f7dfc536d30373d33546509b52b5dc5e7071ec5e153f87fa8e75348e34f74e7252ff004ddb5f0474ec6e157f87d183af9b395db6f8bbb200564000000a0014054050076afa994d28cad68f0b2b72b1c0a00854eceeb0d73000d51ed1a895ae9fc5ac99ead594dde4db7e9e079007ba35a50778bb75e8777da351f35e51c99400936db6db6df3668a3ad9c159356e5757b7819c01773beee0ef7bac64d31ed1a89714fc6265007bad5a53cc9dfd11eb4fa9942fb6def71babf0bfea72004050040500405005050043ad2d34a5c137f1e474d0e9f7cf3c165fc91a357ad69b8430962e0679e86a2cdafe0d333346ba5ae9a776f72e8ce9da318b51a91b5e5c55f36eb603003dc20dbb24dbe8b2757a3a9c76bfe717f82606707a68becddaf67678bdb0078068fd8ea5afb5dbc55ff95ee73a74a527649b7d3a7881ccf74e9396229b7c707baba69c55e516975c35f8174b39c5b704dbb66d1dd8038b5c887b926dfc5be16cdee7a8d093765177e96b7a81c81daa69a7157945a5d70fd0e4040778692a3575176f14bd59e5d095dadb2bae386072050040500505007d1ecaeecdf3fa1f34dfd953b3947aabaf1465af4b6c9afe5e045720548d95f4aa34d49df7bb62f808eb4dfb2a5b92f7a5f333475d513bdeff000b2b1a7511dd460d676dafe8cf9c15bfb422a518d458bdafe674d34f6d052b5edb9af1dcec79d52db46117c71fa917ff00379ff581cf4fad9b9c6eee9b4ad65ccedaeaee0ed0b272cc9db261d3f7e1f797a9a3b53bfe40e3be8eab9c26a59b2e3e471eca5efcbeefcd1efb3384fc3f53cf6577e5f75faa078cf0fb55ff0022fcc6dd7ea5c1da386f2ddb26387daaff00917e63af6a77ff008501dbb3f50e7ba32ce38fc8e1a2a09d477e11bbfc707aecaefbf0f99d342ffc4a8badede4c0e5a9d74b73517b52c705935e9351be2efc55d3f8e0f975e0d4a49f566eecc87bb37d787f2063e68282a2028028282045b4d3586b81bd6ae1349548e7adae60006f8d5a30cc536fc24fd4cba9aee6eef09705d3ea72015df4daa70c5af17cbf4347ed94d6543def08afc4c000e9a8ace6eefc972474fda17b2f67677eb8b77ae67011ea94ad28be8d3fc4e9acaca72babac5b363880ad1a3d42829269bbf0b589a3aea126ddddd5b16ea7000748cfdf52cdb76ef8daf73d6b2b29caeaeb16cd8e2023be8eba849b69bc5b163cd3dce6dc38ddb5e0723dd1a8e2d49720ad92d645e2a43de5f04fd4eda7afba3376db14b0bc8e2f534e599473e099cebeaeeb6c56d4158c140650a0a001405405004053be9286f96782cb03383e84b5718bb462acb9dec5854855f75c6d2ebf5047ce074ab4f6c9c7a1e0080a0080a0080a0080a0080a0080a0080a00a0b6160202d8580869d0d551934f84b17e867b1d69d0724e4ad65c7a81deae85f18b4d746679519c1decd5b9a242a49706d799ab4fac6da52b34f170322bce4b376f99b64e14acadba5e479f66a3595b83c9c75bdf9797a01a213855c35b65cbe8cc6e8bddb39dedf53d697bf1f1353fb65e1f2013942962dba5fdf111942ae1adb2e5f4666d677e5fdf21a3efc40f31a769a8bcfbc93e8f26caca14ddf6ddbe0b092f89cab7db2fbd1f5276877fc901da128d54d5acd787e0cf9f2566d7435f67779f819eaf7a5e2c0e60b61600000202d80141401014010d1a4adb5b4f83e3f03800364b46a598b59e5c4b4f4d183dd26b1c8c6403ad5acdcf7ae5c3c0d32d956cdbdb230803741429e6fb9f2323a8f76fe77bfd0f16006e92854b3bed9122a14eeefba462007484af3527ce49fe274d73bcf19c2338b01a740ed277c60e157bcfc59e40101401014010140141401014010140101401014010140101401014010140101401014010a0014140101401014010140101401014010140101401014010140101401014805050040500405004050040500405004050040500405004050040500405000140101401014010140101401014010a0002140101401014010140101400000000000000000000000000000000000000000000000000000000000000000000000000000000000000000000000001ffd9),
(7, 0xffd8ffe000104a46494600010100000100010000ffdb0084000906071210100f0f1013100f100f121210100f100d0f0f0f100f1511171715121315181d2820181a251b131521312125292b2e2e2e171f3338332c37282d2e2b010a0a0a0e0d0e150f0f152b19151d2d2d2b2b2b2b2d2d2d2d2d2b2d2b2d3737372b2d37372b2b372b2d372b2b2d2d372d2b2b2b2b2b2b2b2b2b2b2b2b2d2b2b2bffc0001108011300b703012200021101031101ffc4001a000101010101010100000000000000000000010403020507ffc4003b1000020103020305050506070100000000000102031121041231415105327181b1132261c1e13372a1b2d114158291c2f0234252537392a234ffc400160101010100000000000000000000000000000102ffc4001811010101010100000000000000000000000011014151ffda000c03010002110311003f00fc340000000000000000000000000000000000000000000000001401014010140101401014010140101401014010140101401014010140140000000000000000000000000000000000000000000000050500405201f4a1d92da4f7acabf77ea7afdceffd6bfe9f52f6b7d9d2f2fca7cab05d8d3aad0ca9e5e57557c78998fafa0939d19a9652ba57e96b9f334f45cda8c72fd01ae60fa9fbae2b129d9f92f532eaf452a79e31eabe608ca0d5a3d13a9777b4573f89abf75c5e2352efc9fa023e59d67a7928a9b564dd95f8bc5ef63a2d23f68a9bc37cf8ab753eaea746e74e10ba5b6d9b5ef8b023e083ad3a0e52d91cbbb5f0c3e26ffdd715894ecfa617a823e5834eaf472a7c7317c24be634ba575149a696db62dc6f7fd0246607d19766a516dcd292576b1d0f9e04050040500500002328680fb9a9a709421ed25b524ad94b36f8997f66d3ff00b9ff00b8fe87aed5fb3a5e5f94f9646b5f4353ab8287b3a5c1f179e1cf89efb33dda7527cf9792c1f30fa5d9534d4e9bff00370f3562a63e6c9b6eef2fa9f53412df4aa4259b615fa3573254d0d44edb5bf8aca66d843d8d196eef4b95f9dac9031e3b3e719d2749bdaf3cecddddf07997664e2d4a124dacae4ce74343be9b945bdcbfcbc15fc4b4235d349292fbdddf322b2ea1cf77bf7dcbaf4f81bb5eff00c1a5e5f9593b69add15cd2773a6ae9b951a5b5376b3c671b580ec8a7ee4e4bbcf09f82c7a9ce5d9536eee516fab4cbd972ba9d2786ef6e4f8599c2a696aa76f7dfc536d30373d33546509b52b5dc5e7071ec5e153f87fa8e75348e34f74e7252ff004ddb5f0474ec6e157f87d183af9b395db6f8bbb200564000000a0014054050076afa994d28cad68f0b2b72b1c0a00854eceeb0d73000d51ed1a895ae9fc5ac99ead594dde4db7e9e079007ba35a50778bb75e8777da351f35e51c99400936db6db6df3668a3ad9c159356e5757b7819c01773beee0ef7bac64d31ed1a89714fc6265007bad5a53cc9dfd11eb4fa9942fb6def71babf0bfea72004050040500405005050043ad2d34a5c137f1e474d0e9f7cf3c165fc91a357ad69b8430962e0679e86a2cdafe0d333346ba5ae9a776f72e8ce9da318b51a91b5e5c55f36eb603003dc20dbb24dbe8b2757a3a9c76bfe717f82606707a68becddaf67678bdb0078068fd8ea5afb5dbc55ff95ee73a74a527649b7d3a7881ccf74e9396229b7c707baba69c55e516975c35f8174b39c5b704dbb66d1dd8038b5c887b926dfc5be16cdee7a8d093765177e96b7a81c81daa69a7157945a5d70fd0e4040778692a3575176f14bd59e5d095dadb2bae386072050040500505007d1ecaeecdf3fa1f34dfd953b3947aabaf1465af4b6c9afe5e045720548d95f4aa34d49df7bb62f808eb4dfb2a5b92f7a5f333475d513bdeff000b2b1a7511dd460d676dafe8cf9c15bfb422a518d458bdafe674d34f6d052b5edb9af1dcec79d52db46117c71fa917ff00379ff581cf4fad9b9c6eee9b4ad65ccedaeaee0ed0b272cc9db261d3f7e1f797a9a3b53bfe40e3be8eab9c26a59b2e3e471eca5efcbeefcd1efb3384fc3f53cf6577e5f75faa078cf0fb55ff0022fcc6dd7ea5c1da386f2ddb26387daaff00917e63af6a77ff008501dbb3f50e7ba32ce38fc8e1a2a09d477e11bbfc707aecaefbf0f99d342ffc4a8badede4c0e5a9d74b73517b52c705935e9351be2efc55d3f8e0f975e0d4a49f566eecc87bb37d787f2063e68282a2028028282045b4d3586b81bd6ae1349548e7adae60006f8d5a30cc536fc24fd4cba9aee6eef09705d3ea72015df4daa70c5af17cbf4347ed94d6543def08afc4c000e9a8ace6eefc972474fda17b2f67677eb8b77ae67011ea94ad28be8d3fc4e9acaca72babac5b363880ad1a3d42829269bbf0b589a3aea126ddddd5b16ea7000748cfdf52cdb76ef8daf73d6b2b29caeaeb16cd8e2023be8eba849b69bc5b163cd3dce6dc38ddb5e0723dd1a8e2d49720ad92d645e2a43de5f04fd4eda7afba3376db14b0bc8e2f534e599473e099cebeaeeb6c56d4158c140650a0a001405405004053be9286f96782cb03383e84b5718bb462acb9dec5854855f75c6d2ebf5047ce074ab4f6c9c7a1e0080a0080a0080a0080a0080a0080a0080a00a0b6160202d8580869d0d551934f84b17e867b1d69d0724e4ad65c7a81deae85f18b4d746679519c1decd5b9a242a49706d799ab4fac6da52b34f170322bce4b376f99b64e14acadba5e479f66a3595b83c9c75bdf9797a01a213855c35b65cbe8cc6e8bddb39dedf53d697bf1f1353fb65e1f2013942962dba5fdf111942ae1adb2e5f4666d677e5fdf21a3efc40f31a769a8bcfbc93e8f26caca14ddf6ddbe0b092f89cab7db2fbd1f5276877fc901da128d54d5acd787e0cf9f2566d7435f67779f819eaf7a5e2c0e60b61600000202d80141401014010d1a4adb5b4f83e3f03800364b46a598b59e5c4b4f4d183dd26b1c8c6403ad5acdcf7ae5c3c0d32d956cdbdb230803741429e6fb9f2323a8f76fe77bfd0f16006e92854b3bed9122a14eeefba462007484af3527ce49fe274d73bcf19c2338b01a740ed277c60e157bcfc59e40101401014010140141401014010140101401014010140101401014010140101401014010a0014140101401014010140101401014010140101401014010140101401014805050040500405004050040500405004050040500405004050040500405000140101401014010140101401014010a0002140101401014010140101400000000000000000000000000000000000000000000000000000000000000000000000000000000000000000000000001ffd9),
(8, 0xffd8ffe000104a46494600010100000100010000ffdb0084000906071210100f0f1013100f100f121210100f100d0f0f0f100f1511171715121315181d2820181a251b131521312125292b2e2e2e171f3338332c37282d2e2b010a0a0a0e0d0e150f0f152b19151d2d2d2b2b2b2b2d2d2d2d2d2b2d2b2d3737372b2d37372b2b372b2d372b2b2d2d372d2b2b2b2b2b2b2b2b2b2b2b2b2d2b2b2bffc0001108011300b703012200021101031101ffc4001a000101010101010100000000000000000000010403020507ffc4003b1000020103020305050506070100000000000102031121041231415105327181b1132261c1e13372a1b2d114158291c2f0234252537392a234ffc400160101010100000000000000000000000000000102ffc4001811010101010100000000000000000000000011014151ffda000c03010002110311003f00fc340000000000000000000000000000000000000000000000001401014010140101401014010140101401014010140101401014010140140000000000000000000000000000000000000000000000050500405201f4a1d92da4f7acabf77ea7afdceffd6bfe9f52f6b7d9d2f2fca7cab05d8d3aad0ca9e5e57557c78998fafa0939d19a9652ba57e96b9f334f45cda8c72fd01ae60fa9fbae2b129d9f92f532eaf452a79e31eabe608ca0d5a3d13a9777b4573f89abf75c5e2352efc9fa023e59d67a7928a9b564dd95f8bc5ef63a2d23f68a9bc37cf8ab753eaea746e74e10ba5b6d9b5ef8b023e083ad3a0e52d91cbbb5f0c3e26ffdd715894ecfa617a823e5834eaf472a7c7317c24be634ba575149a696db62dc6f7fd0246607d19766a516dcd292576b1d0f9e04050040500500002328680fb9a9a709421ed25b524ad94b36f8997f66d3ff00b9ff00b8fe87aed5fb3a5e5f94f9646b5f4353ab8287b3a5c1f179e1cf89efb33dda7527cf9792c1f30fa5d9534d4e9bff00370f3562a63e6c9b6eef2fa9f53412df4aa4259b615fa3573254d0d44edb5bf8aca66d843d8d196eef4b95f9dac9031e3b3e719d2749bdaf3cecddddf07997664e2d4a124dacae4ce74343be9b945bdcbfcbc15fc4b4235d349292fbdddf322b2ea1cf77bf7dcbaf4f81bb5eff00c1a5e5f9593b69add15cd2773a6ae9b951a5b5376b3c671b580ec8a7ee4e4bbcf09f82c7a9ce5d9536eee516fab4cbd972ba9d2786ef6e4f8599c2a696aa76f7dfc536d30373d33546509b52b5dc5e7071ec5e153f87fa8e75348e34f74e7252ff004ddb5f0474ec6e157f87d183af9b395db6f8bbb200564000000a0014054050076afa994d28cad68f0b2b72b1c0a00854eceeb0d73000d51ed1a895ae9fc5ac99ead594dde4db7e9e079007ba35a50778bb75e8777da351f35e51c99400936db6db6df3668a3ad9c159356e5757b7819c01773beee0ef7bac64d31ed1a89714fc6265007bad5a53cc9dfd11eb4fa9942fb6def71babf0bfea72004050040500405005050043ad2d34a5c137f1e474d0e9f7cf3c165fc91a357ad69b8430962e0679e86a2cdafe0d333346ba5ae9a776f72e8ce9da318b51a91b5e5c55f36eb603003dc20dbb24dbe8b2757a3a9c76bfe717f82606707a68becddaf67678bdb0078068fd8ea5afb5dbc55ff95ee73a74a527649b7d3a7881ccf74e9396229b7c707baba69c55e516975c35f8174b39c5b704dbb66d1dd8038b5c887b926dfc5be16cdee7a8d093765177e96b7a81c81daa69a7157945a5d70fd0e4040778692a3575176f14bd59e5d095dadb2bae386072050040500505007d1ecaeecdf3fa1f34dfd953b3947aabaf1465af4b6c9afe5e045720548d95f4aa34d49df7bb62f808eb4dfb2a5b92f7a5f333475d513bdeff000b2b1a7511dd460d676dafe8cf9c15bfb422a518d458bdafe674d34f6d052b5edb9af1dcec79d52db46117c71fa917ff00379ff581cf4fad9b9c6eee9b4ad65ccedaeaee0ed0b272cc9db261d3f7e1f797a9a3b53bfe40e3be8eab9c26a59b2e3e471eca5efcbeefcd1efb3384fc3f53cf6577e5f75faa078cf0fb55ff0022fcc6dd7ea5c1da386f2ddb26387daaff00917e63af6a77ff008501dbb3f50e7ba32ce38fc8e1a2a09d477e11bbfc707aecaefbf0f99d342ffc4a8badede4c0e5a9d74b73517b52c705935e9351be2efc55d3f8e0f975e0d4a49f566eecc87bb37d787f2063e68282a2028028282045b4d3586b81bd6ae1349548e7adae60006f8d5a30cc536fc24fd4cba9aee6eef09705d3ea72015df4daa70c5af17cbf4347ed94d6543def08afc4c000e9a8ace6eefc972474fda17b2f67677eb8b77ae67011ea94ad28be8d3fc4e9acaca72babac5b363880ad1a3d42829269bbf0b589a3aea126ddddd5b16ea7000748cfdf52cdb76ef8daf73d6b2b29caeaeb16cd8e2023be8eba849b69bc5b163cd3dce6dc38ddb5e0723dd1a8e2d49720ad92d645e2a43de5f04fd4eda7afba3376db14b0bc8e2f534e599473e099cebeaeeb6c56d4158c140650a0a001405405004053be9286f96782cb03383e84b5718bb462acb9dec5854855f75c6d2ebf5047ce074ab4f6c9c7a1e0080a0080a0080a0080a0080a0080a0080a00a0b6160202d8580869d0d551934f84b17e867b1d69d0724e4ad65c7a81deae85f18b4d746679519c1decd5b9a242a49706d799ab4fac6da52b34f170322bce4b376f99b64e14acadba5e479f66a3595b83c9c75bdf9797a01a213855c35b65cbe8cc6e8bddb39dedf53d697bf1f1353fb65e1f2013942962dba5fdf111942ae1adb2e5f4666d677e5fdf21a3efc40f31a769a8bcfbc93e8f26caca14ddf6ddbe0b092f89cab7db2fbd1f5276877fc901da128d54d5acd787e0cf9f2566d7435f67779f819eaf7a5e2c0e60b61600000202d80141401014010d1a4adb5b4f83e3f03800364b46a598b59e5c4b4f4d183dd26b1c8c6403ad5acdcf7ae5c3c0d32d956cdbdb230803741429e6fb9f2323a8f76fe77bfd0f16006e92854b3bed9122a14eeefba462007484af3527ce49fe274d73bcf19c2338b01a740ed277c60e157bcfc59e40101401014010140141401014010140101401014010140101401014010140101401014010a0014140101401014010140101401014010140101401014010140101401014805050040500405004050040500405004050040500405004050040500405000140101401014010140101401014010a0002140101401014010140101400000000000000000000000000000000000000000000000000000000000000000000000000000000000000000000000001ffd9),
(9, 0xffd8ffe000104a46494600010100000100010000ffdb0084000906071210100f0f1013100f100f121210100f100d0f0f0f100f1511171715121315181d2820181a251b131521312125292b2e2e2e171f3338332c37282d2e2b010a0a0a0e0d0e150f0f152b19151d2d2d2b2b2b2b2d2d2d2d2d2b2d2b2d3737372b2d37372b2b372b2d372b2b2d2d372d2b2b2b2b2b2b2b2b2b2b2b2b2d2b2b2bffc0001108011300b703012200021101031101ffc4001a000101010101010100000000000000000000010403020507ffc4003b1000020103020305050506070100000000000102031121041231415105327181b1132261c1e13372a1b2d114158291c2f0234252537392a234ffc400160101010100000000000000000000000000000102ffc4001811010101010100000000000000000000000011014151ffda000c03010002110311003f00fc340000000000000000000000000000000000000000000000001401014010140101401014010140101401014010140101401014010140140000000000000000000000000000000000000000000000050500405201f4a1d92da4f7acabf77ea7afdceffd6bfe9f52f6b7d9d2f2fca7cab05d8d3aad0ca9e5e57557c78998fafa0939d19a9652ba57e96b9f334f45cda8c72fd01ae60fa9fbae2b129d9f92f532eaf452a79e31eabe608ca0d5a3d13a9777b4573f89abf75c5e2352efc9fa023e59d67a7928a9b564dd95f8bc5ef63a2d23f68a9bc37cf8ab753eaea746e74e10ba5b6d9b5ef8b023e083ad3a0e52d91cbbb5f0c3e26ffdd715894ecfa617a823e5834eaf472a7c7317c24be634ba575149a696db62dc6f7fd0246607d19766a516dcd292576b1d0f9e04050040500500002328680fb9a9a709421ed25b524ad94b36f8997f66d3ff00b9ff00b8fe87aed5fb3a5e5f94f9646b5f4353ab8287b3a5c1f179e1cf89efb33dda7527cf9792c1f30fa5d9534d4e9bff00370f3562a63e6c9b6eef2fa9f53412df4aa4259b615fa3573254d0d44edb5bf8aca66d843d8d196eef4b95f9dac9031e3b3e719d2749bdaf3cecddddf07997664e2d4a124dacae4ce74343be9b945bdcbfcbc15fc4b4235d349292fbdddf322b2ea1cf77bf7dcbaf4f81bb5eff00c1a5e5f9593b69add15cd2773a6ae9b951a5b5376b3c671b580ec8a7ee4e4bbcf09f82c7a9ce5d9536eee516fab4cbd972ba9d2786ef6e4f8599c2a696aa76f7dfc536d30373d33546509b52b5dc5e7071ec5e153f87fa8e75348e34f74e7252ff004ddb5f0474ec6e157f87d183af9b395db6f8bbb200564000000a0014054050076afa994d28cad68f0b2b72b1c0a00854eceeb0d73000d51ed1a895ae9fc5ac99ead594dde4db7e9e079007ba35a50778bb75e8777da351f35e51c99400936db6db6df3668a3ad9c159356e5757b7819c01773beee0ef7bac64d31ed1a89714fc6265007bad5a53cc9dfd11eb4fa9942fb6def71babf0bfea72004050040500405005050043ad2d34a5c137f1e474d0e9f7cf3c165fc91a357ad69b8430962e0679e86a2cdafe0d333346ba5ae9a776f72e8ce9da318b51a91b5e5c55f36eb603003dc20dbb24dbe8b2757a3a9c76bfe717f82606707a68becddaf67678bdb0078068fd8ea5afb5dbc55ff95ee73a74a527649b7d3a7881ccf74e9396229b7c707baba69c55e516975c35f8174b39c5b704dbb66d1dd8038b5c887b926dfc5be16cdee7a8d093765177e96b7a81c81daa69a7157945a5d70fd0e4040778692a3575176f14bd59e5d095dadb2bae386072050040500505007d1ecaeecdf3fa1f34dfd953b3947aabaf1465af4b6c9afe5e045720548d95f4aa34d49df7bb62f808eb4dfb2a5b92f7a5f333475d513bdeff000b2b1a7511dd460d676dafe8cf9c15bfb422a518d458bdafe674d34f6d052b5edb9af1dcec79d52db46117c71fa917ff00379ff581cf4fad9b9c6eee9b4ad65ccedaeaee0ed0b272cc9db261d3f7e1f797a9a3b53bfe40e3be8eab9c26a59b2e3e471eca5efcbeefcd1efb3384fc3f53cf6577e5f75faa078cf0fb55ff0022fcc6dd7ea5c1da386f2ddb26387daaff00917e63af6a77ff008501dbb3f50e7ba32ce38fc8e1a2a09d477e11bbfc707aecaefbf0f99d342ffc4a8badede4c0e5a9d74b73517b52c705935e9351be2efc55d3f8e0f975e0d4a49f566eecc87bb37d787f2063e68282a2028028282045b4d3586b81bd6ae1349548e7adae60006f8d5a30cc536fc24fd4cba9aee6eef09705d3ea72015df4daa70c5af17cbf4347ed94d6543def08afc4c000e9a8ace6eefc972474fda17b2f67677eb8b77ae67011ea94ad28be8d3fc4e9acaca72babac5b363880ad1a3d42829269bbf0b589a3aea126ddddd5b16ea7000748cfdf52cdb76ef8daf73d6b2b29caeaeb16cd8e2023be8eba849b69bc5b163cd3dce6dc38ddb5e0723dd1a8e2d49720ad92d645e2a43de5f04fd4eda7afba3376db14b0bc8e2f534e599473e099cebeaeeb6c56d4158c140650a0a001405405004053be9286f96782cb03383e84b5718bb462acb9dec5854855f75c6d2ebf5047ce074ab4f6c9c7a1e0080a0080a0080a0080a0080a0080a0080a00a0b6160202d8580869d0d551934f84b17e867b1d69d0724e4ad65c7a81deae85f18b4d746679519c1decd5b9a242a49706d799ab4fac6da52b34f170322bce4b376f99b64e14acadba5e479f66a3595b83c9c75bdf9797a01a213855c35b65cbe8cc6e8bddb39dedf53d697bf1f1353fb65e1f2013942962dba5fdf111942ae1adb2e5f4666d677e5fdf21a3efc40f31a769a8bcfbc93e8f26caca14ddf6ddbe0b092f89cab7db2fbd1f5276877fc901da128d54d5acd787e0cf9f2566d7435f67779f819eaf7a5e2c0e60b61600000202d80141401014010d1a4adb5b4f83e3f03800364b46a598b59e5c4b4f4d183dd26b1c8c6403ad5acdcf7ae5c3c0d32d956cdbdb230803741429e6fb9f2323a8f76fe77bfd0f16006e92854b3bed9122a14eeefba462007484af3527ce49fe274d73bcf19c2338b01a740ed277c60e157bcfc59e40101401014010140141401014010140101401014010140101401014010140101401014010a0014140101401014010140101401014010140101401014010140101401014805050040500405004050040500405004050040500405004050040500405000140101401014010140101401014010a0002140101401014010140101400000000000000000000000000000000000000000000000000000000000000000000000000000000000000000000000001ffd9),
(10, 0xffd8ffe000104a46494600010100000100010000ffdb0084000906071210100f0f1013100f100f121210100f100d0f0f0f100f1511171715121315181d2820181a251b131521312125292b2e2e2e171f3338332c37282d2e2b010a0a0a0e0d0e150f0f152b19151d2d2d2b2b2b2b2d2d2d2d2d2b2d2b2d3737372b2d37372b2b372b2d372b2b2d2d372d2b2b2b2b2b2b2b2b2b2b2b2b2d2b2b2bffc0001108011300b703012200021101031101ffc4001a000101010101010100000000000000000000010403020507ffc4003b1000020103020305050506070100000000000102031121041231415105327181b1132261c1e13372a1b2d114158291c2f0234252537392a234ffc400160101010100000000000000000000000000000102ffc4001811010101010100000000000000000000000011014151ffda000c03010002110311003f00fc340000000000000000000000000000000000000000000000001401014010140101401014010140101401014010140101401014010140140000000000000000000000000000000000000000000000050500405201f4a1d92da4f7acabf77ea7afdceffd6bfe9f52f6b7d9d2f2fca7cab05d8d3aad0ca9e5e57557c78998fafa0939d19a9652ba57e96b9f334f45cda8c72fd01ae60fa9fbae2b129d9f92f532eaf452a79e31eabe608ca0d5a3d13a9777b4573f89abf75c5e2352efc9fa023e59d67a7928a9b564dd95f8bc5ef63a2d23f68a9bc37cf8ab753eaea746e74e10ba5b6d9b5ef8b023e083ad3a0e52d91cbbb5f0c3e26ffdd715894ecfa617a823e5834eaf472a7c7317c24be634ba575149a696db62dc6f7fd0246607d19766a516dcd292576b1d0f9e04050040500500002328680fb9a9a709421ed25b524ad94b36f8997f66d3ff00b9ff00b8fe87aed5fb3a5e5f94f9646b5f4353ab8287b3a5c1f179e1cf89efb33dda7527cf9792c1f30fa5d9534d4e9bff00370f3562a63e6c9b6eef2fa9f53412df4aa4259b615fa3573254d0d44edb5bf8aca66d843d8d196eef4b95f9dac9031e3b3e719d2749bdaf3cecddddf07997664e2d4a124dacae4ce74343be9b945bdcbfcbc15fc4b4235d349292fbdddf322b2ea1cf77bf7dcbaf4f81bb5eff00c1a5e5f9593b69add15cd2773a6ae9b951a5b5376b3c671b580ec8a7ee4e4bbcf09f82c7a9ce5d9536eee516fab4cbd972ba9d2786ef6e4f8599c2a696aa76f7dfc536d30373d33546509b52b5dc5e7071ec5e153f87fa8e75348e34f74e7252ff004ddb5f0474ec6e157f87d183af9b395db6f8bbb200564000000a0014054050076afa994d28cad68f0b2b72b1c0a00854eceeb0d73000d51ed1a895ae9fc5ac99ead594dde4db7e9e079007ba35a50778bb75e8777da351f35e51c99400936db6db6df3668a3ad9c159356e5757b7819c01773beee0ef7bac64d31ed1a89714fc6265007bad5a53cc9dfd11eb4fa9942fb6def71babf0bfea72004050040500405005050043ad2d34a5c137f1e474d0e9f7cf3c165fc91a357ad69b8430962e0679e86a2cdafe0d333346ba5ae9a776f72e8ce9da318b51a91b5e5c55f36eb603003dc20dbb24dbe8b2757a3a9c76bfe717f82606707a68becddaf67678bdb0078068fd8ea5afb5dbc55ff95ee73a74a527649b7d3a7881ccf74e9396229b7c707baba69c55e516975c35f8174b39c5b704dbb66d1dd8038b5c887b926dfc5be16cdee7a8d093765177e96b7a81c81daa69a7157945a5d70fd0e4040778692a3575176f14bd59e5d095dadb2bae386072050040500505007d1ecaeecdf3fa1f34dfd953b3947aabaf1465af4b6c9afe5e045720548d95f4aa34d49df7bb62f808eb4dfb2a5b92f7a5f333475d513bdeff000b2b1a7511dd460d676dafe8cf9c15bfb422a518d458bdafe674d34f6d052b5edb9af1dcec79d52db46117c71fa917ff00379ff581cf4fad9b9c6eee9b4ad65ccedaeaee0ed0b272cc9db261d3f7e1f797a9a3b53bfe40e3be8eab9c26a59b2e3e471eca5efcbeefcd1efb3384fc3f53cf6577e5f75faa078cf0fb55ff0022fcc6dd7ea5c1da386f2ddb26387daaff00917e63af6a77ff008501dbb3f50e7ba32ce38fc8e1a2a09d477e11bbfc707aecaefbf0f99d342ffc4a8badede4c0e5a9d74b73517b52c705935e9351be2efc55d3f8e0f975e0d4a49f566eecc87bb37d787f2063e68282a2028028282045b4d3586b81bd6ae1349548e7adae60006f8d5a30cc536fc24fd4cba9aee6eef09705d3ea72015df4daa70c5af17cbf4347ed94d6543def08afc4c000e9a8ace6eefc972474fda17b2f67677eb8b77ae67011ea94ad28be8d3fc4e9acaca72babac5b363880ad1a3d42829269bbf0b589a3aea126ddddd5b16ea7000748cfdf52cdb76ef8daf73d6b2b29caeaeb16cd8e2023be8eba849b69bc5b163cd3dce6dc38ddb5e0723dd1a8e2d49720ad92d645e2a43de5f04fd4eda7afba3376db14b0bc8e2f534e599473e099cebeaeeb6c56d4158c140650a0a001405405004053be9286f96782cb03383e84b5718bb462acb9dec5854855f75c6d2ebf5047ce074ab4f6c9c7a1e0080a0080a0080a0080a0080a0080a0080a00a0b6160202d8580869d0d551934f84b17e867b1d69d0724e4ad65c7a81deae85f18b4d746679519c1decd5b9a242a49706d799ab4fac6da52b34f170322bce4b376f99b64e14acadba5e479f66a3595b83c9c75bdf9797a01a213855c35b65cbe8cc6e8bddb39dedf53d697bf1f1353fb65e1f2013942962dba5fdf111942ae1adb2e5f4666d677e5fdf21a3efc40f31a769a8bcfbc93e8f26caca14ddf6ddbe0b092f89cab7db2fbd1f5276877fc901da128d54d5acd787e0cf9f2566d7435f67779f819eaf7a5e2c0e60b61600000202d80141401014010d1a4adb5b4f83e3f03800364b46a598b59e5c4b4f4d183dd26b1c8c6403ad5acdcf7ae5c3c0d32d956cdbdb230803741429e6fb9f2323a8f76fe77bfd0f16006e92854b3bed9122a14eeefba462007484af3527ce49fe274d73bcf19c2338b01a740ed277c60e157bcfc59e40101401014010140141401014010140101401014010140101401014010140101401014010a0014140101401014010140101401014010140101401014010140101401014805050040500405004050040500405004050040500405004050040500405000140101401014010140101401014010a0002140101401014010140101400000000000000000000000000000000000000000000000000000000000000000000000000000000000000000000000001ffd9);

-- --------------------------------------------------------

--
-- Tabellenstruktur für Tabelle `issued_media`
--

CREATE TABLE `issued_media` (
  `issued_id` int(11) NOT NULL,
  `fk_media_id` int(11) DEFAULT NULL,
  `fk_user_id` int(11) DEFAULT NULL,
  `issues_date` timestamp NOT NULL DEFAULT CURRENT_TIMESTAMP ON UPDATE CURRENT_TIMESTAMP,
  `return_date` timestamp NOT NULL DEFAULT '0000-00-00 00:00:00'
) ENGINE=InnoDB DEFAULT CHARSET=latin1;

--
-- Daten für Tabelle `issued_media`
--

INSERT INTO `issued_media` (`issued_id`, `fk_media_id`, `fk_user_id`, `issues_date`, `return_date`) VALUES
(1, 1, 1, '2018-02-11 11:53:32', '2017-07-15 09:15:20'),
(2, 2, 2, '2018-02-11 11:53:32', '2017-07-15 09:15:23'),
(3, 3, NULL, '2018-02-11 11:53:32', '2018-02-11 10:51:01'),
(4, 4, NULL, '2018-02-11 11:53:32', '2017-07-15 09:22:29'),
(5, 5, NULL, '2018-02-11 11:53:32', '2018-02-11 10:51:01'),
(6, 6, NULL, '2018-02-11 11:53:32', '2018-02-11 10:51:01'),
(7, 7, NULL, '2018-02-11 11:53:32', '2018-02-11 10:51:01'),
(8, 8, NULL, '2018-02-11 11:53:33', '2018-02-11 10:51:01'),
(9, 9, NULL, '2018-02-11 11:53:33', '2018-02-11 10:57:14'),
(10, 10, NULL, '2018-02-11 11:53:33', '2018-02-11 10:54:23');

-- --------------------------------------------------------

--
-- Tabellenstruktur für Tabelle `media`
--

CREATE TABLE `media` (
  `media_id` int(11) NOT NULL,
  `title` varchar(55) DEFAULT NULL,
  `ISBN_code` int(11) DEFAULT NULL,
  `fk_author_id` int(11) DEFAULT NULL,
  `short_description` varchar(55) DEFAULT NULL,
  `publish_date` date DEFAULT NULL,
  `fk_genre_id` int(55) DEFAULT NULL,
  `fk_publisher_id` int(55) DEFAULT NULL,
  `fk_image_id` int(11) DEFAULT NULL,
  `fk_type` int(11) DEFAULT NULL
) ENGINE=InnoDB DEFAULT CHARSET=latin1;

--
-- Daten für Tabelle `media`
--

INSERT INTO `media` (`media_id`, `title`, `ISBN_code`, `fk_author_id`, `short_description`, `publish_date`, `fk_genre_id`, `fk_publisher_id`, `fk_image_id`, `fk_type`) VALUES
(1, 'Hello World', 222333, 1, 'BLABLABLABLA', '2017-07-08', 1, 1, 1, 1),
(2, 'The Life ', 224531, 2, 'BLABLABLABLA', '1986-02-01', 2, 2, 2, 2),
(3, 'James Bond ', 123456, 3, 'BLABLABLABLA', '1990-09-02', 3, 3, 3, 3),
(4, 'Loopers ', 678972, 4, 'BLABLABLABLA', '2015-08-24', 4, 4, 4, 4),
(5, 'Hangover', 53941, 5, 'BLABLABLABLA', '2015-04-18', 5, 5, 5, 1),
(6, 'Machinist', 284638, 6, 'BLABLABLABLA', '2015-03-01', 6, 6, 6, 2),
(7, 'Morgan Pluet', 778546, 7, 'BLABLABLABLA', '2017-05-18', 7, 7, 7, 3),
(8, 'Plasza Bneu', 885463, 8, 'BLABLABLABLA', '2014-01-29', 8, 8, 8, 4),
(9, 'Nraron', 255894, 9, 'BLABLABLABLA', '2009-05-05', 9, 9, 9, 3),
(10, 'Moon Moon', 558746, 10, 'BLABLABLABLA', '2013-10-01', 10, 10, 10, 1);

-- --------------------------------------------------------

--
-- Tabellenstruktur für Tabelle `publisher`
--

CREATE TABLE `publisher` (
  `publisher_id` int(11) NOT NULL,
  `firstname` varchar(55) DEFAULT NULL,
  `surename` varchar(55) DEFAULT NULL,
  `adress` varchar(55) DEFAULT NULL,
  `fk_publish_size_id` int(55) DEFAULT NULL
) ENGINE=InnoDB DEFAULT CHARSET=latin1;

--
-- Daten für Tabelle `publisher`
--

INSERT INTO `publisher` (`publisher_id`, `firstname`, `surename`, `adress`, `fk_publish_size_id`) VALUES
(1, 'Mark', 'Frog', 'London Street 5, LONDON', 1),
(2, 'Anuj', 'Koppler', 'Hausweggasse 345, GERMANY', 2),
(3, 'Chetan', 'Bahat', 'Anland Street 452 AMERICA', 3),
(4, 'Anita', 'Desai', ' Gahrcos 675 BRAZIL', 1),
(5, 'Verma', 'Halr', 'Kaisermühlenstraße AUSTRIA', 2),
(6, 'Jon', 'Carlot', ' Grogt Street 52 AMERICA', 3),
(7, 'R.D Sharma', 'Theilor', 'Gründoelas SDDFVS', 1),
(8, 'Yamac', 'Kocova', 'Aydin Evler 51 TURKEY', 2),
(9, 'Mujdat', 'Vartolu', 'Acibadem  TURKEY', 3),
(10, 'Luiot', 'Prada', 'Sacre Couer FRANCE', 1);

-- --------------------------------------------------------

--
-- Tabellenstruktur für Tabelle `publish_size`
--

CREATE TABLE `publish_size` (
  `publish_size_id` int(11) NOT NULL,
  `size` varchar(55) DEFAULT NULL
) ENGINE=InnoDB DEFAULT CHARSET=latin1;

--
-- Daten für Tabelle `publish_size`
--

INSERT INTO `publish_size` (`publish_size_id`, `size`) VALUES
(1, 'big'),
(2, 'medium'),
(3, 'small');

-- --------------------------------------------------------

--
-- Tabellenstruktur für Tabelle `type`
--

CREATE TABLE `type` (
  `type_id` int(11) NOT NULL,
  `type` varchar(55) COLLATE latin1_german1_ci DEFAULT NULL
) ENGINE=InnoDB DEFAULT CHARSET=latin1 COLLATE=latin1_german1_ci;

--
-- Daten für Tabelle `type`
--

INSERT INTO `type` (`type_id`, `type`) VALUES
(1, 'CD'),
(2, 'DVD'),
(3, 'BOOK'),
(4, 'AUDIOBOOK');

-- --------------------------------------------------------

--
-- Tabellenstruktur für Tabelle `users`
--

CREATE TABLE `users` (
  `user_id` int(11) NOT NULL,
  `user_name` varchar(55) NOT NULL,
  `user_email` varchar(55) NOT NULL,
  `user_pw` varchar(55) NOT NULL
) ENGINE=InnoDB DEFAULT CHARSET=utf8;

--
-- Daten für Tabelle `users`
--

INSERT INTO `users` (`user_id`, `user_name`, `user_email`, `user_pw`) VALUES
(1, 'xcjklv', 'dxunbh@xn--psd-sna2a.at', '5d5b09f6dcb2d53a5fffc60c4ac0d55fabdf556069d6631545f42aa'),
(2, 'dyfvcv', 'gvsdco@live.at', '5d5b09f6dcb2d53a5fffc60c4ac0d55fabdf556069d6631545f42aa'),
(3, 'john', 'john@live.at', '5d5b09f6dcb2d53a5fffc60c4ac0d55fabdf556069d6631545f42aa'),
(4, 'Larissa', 'laris@live.at', '5d5b09f6dcb2d53a5fffc60c4ac0d55fabdf556069d6631545f42aa'),
(5, 'Koray', 'avci@live.at', '5d5b09f6dcb2d53a5fffc60c4ac0d55fabdf556069d6631545f42aa'),
(6, 'Marko', 'dfkl@google.at', '5d5b09f6dcb2d53a5fffc60c4ac0d55fabdf556069d6631545f42aa'),
(7, 'Berthold', 'hallo@hallo.at', '5d5b09f6dcb2d53a5fffc60c4ac0d55fabdf556069d6631545f42aa');

--
-- Indizes der exportierten Tabellen
--

--
-- Indizes für die Tabelle `author`
--
ALTER TABLE `author`
  ADD PRIMARY KEY (`author_id`),
  ADD KEY `fk_genre_id` (`fk_genre_id`);

--
-- Indizes für die Tabelle `genre`
--
ALTER TABLE `genre`
  ADD PRIMARY KEY (`genre_id`);

--
-- Indizes für die Tabelle `image`
--
ALTER TABLE `image`
  ADD PRIMARY KEY (`image_id`);

--
-- Indizes für die Tabelle `issued_media`
--
ALTER TABLE `issued_media`
  ADD PRIMARY KEY (`issued_id`),
  ADD KEY `fk_media_id` (`fk_media_id`),
  ADD KEY `fk_user_id` (`fk_user_id`);

--
-- Indizes für die Tabelle `media`
--
ALTER TABLE `media`
  ADD PRIMARY KEY (`media_id`),
  ADD KEY `fk_author_id` (`fk_author_id`),
  ADD KEY `fk_genre_id` (`fk_genre_id`),
  ADD KEY `fk_publisher_id` (`fk_publisher_id`),
  ADD KEY `fk_image_id` (`fk_image_id`),
  ADD KEY `media_ibfk_6` (`fk_type`);

--
-- Indizes für die Tabelle `publisher`
--
ALTER TABLE `publisher`
  ADD PRIMARY KEY (`publisher_id`),
  ADD KEY `fk_publish_size_id` (`fk_publish_size_id`);

--
-- Indizes für die Tabelle `publish_size`
--
ALTER TABLE `publish_size`
  ADD PRIMARY KEY (`publish_size_id`);

--
-- Indizes für die Tabelle `type`
--
ALTER TABLE `type`
  ADD PRIMARY KEY (`type_id`);

--
-- Indizes für die Tabelle `users`
--
ALTER TABLE `users`
  ADD PRIMARY KEY (`user_id`),
  ADD UNIQUE KEY `email` (`user_email`);

--
-- AUTO_INCREMENT für exportierte Tabellen
--

--
-- AUTO_INCREMENT für Tabelle `users`
--
ALTER TABLE `users`
  MODIFY `user_id` int(11) NOT NULL AUTO_INCREMENT, AUTO_INCREMENT=8;

--
-- Constraints der exportierten Tabellen
--

--
-- Constraints der Tabelle `author`
--
ALTER TABLE `author`
  ADD CONSTRAINT `author_ibfk_2` FOREIGN KEY (`fk_genre_id`) REFERENCES `genre` (`genre_id`);

--
-- Constraints der Tabelle `issued_media`
--
ALTER TABLE `issued_media`
  ADD CONSTRAINT `issued_media_ibfk_1` FOREIGN KEY (`fk_media_id`) REFERENCES `media` (`media_id`),
  ADD CONSTRAINT `issued_media_ibfk_2` FOREIGN KEY (`fk_media_id`) REFERENCES `media` (`media_id`),
  ADD CONSTRAINT `issued_media_ibfk_3` FOREIGN KEY (`fk_user_id`) REFERENCES `users` (`user_id`);

--
-- Constraints der Tabelle `media`
--
ALTER TABLE `media`
  ADD CONSTRAINT `media_ibfk_1` FOREIGN KEY (`fk_author_id`) REFERENCES `author` (`author_id`),
  ADD CONSTRAINT `media_ibfk_3` FOREIGN KEY (`fk_genre_id`) REFERENCES `genre` (`genre_id`),
  ADD CONSTRAINT `media_ibfk_4` FOREIGN KEY (`fk_publisher_id`) REFERENCES `publisher` (`publisher_id`),
  ADD CONSTRAINT `media_ibfk_5` FOREIGN KEY (`fk_image_id`) REFERENCES `image` (`image_id`),
  ADD CONSTRAINT `media_ibfk_6` FOREIGN KEY (`fk_type`) REFERENCES `type` (`type_id`);

--
-- Constraints der Tabelle `publisher`
--
ALTER TABLE `publisher`
  ADD CONSTRAINT `publisher_ibfk_3` FOREIGN KEY (`fk_publish_size_id`) REFERENCES `publish_size` (`publish_size_id`);
COMMIT;

/*!40101 SET CHARACTER_SET_CLIENT=@OLD_CHARACTER_SET_CLIENT */;
/*!40101 SET CHARACTER_SET_RESULTS=@OLD_CHARACTER_SET_RESULTS */;
/*!40101 SET COLLATION_CONNECTION=@OLD_COLLATION_CONNECTION */;
